,Issue_id,Duplicated_issue,Title,Description
0,3.0,,"['indicate', 'deletion']","['deletion', 'indicator', 'viewer', 'subtle', 'vision', 'problems', 'suggestion', 'compare', 'viewer', 'consider', 'better', 'delete', 'project', 'synchronize', 'indication', 'delete', 'workspace', 'workspace', 'appear', 'rightfacing', 'screen', 'request', 'clarification', 'clearer', 'arrows', 'present', 'distinction', 'especially', 'attention', 'compare', 'expect', 'workspace', 'indicate', 'delete', 'repository', 'delete', 'repository']"
1,4.0,,"['better', 'message', 'catch', 'resource']","['synchronize', 'project', 'repository', 'different', 'eclipse', 'change', 'resource', 'project', 'release', 'repository', 'original', 'eclipse', 'resource', 'readonly', 'select', 'resource', 'rightclick', 'synchronize', 'stream', 'subsequent', 'comparison', 'select', 'resource', 'rightclick', 'catchup', 'readonly', 'inevitable', 'problems', 'dialog', 'assistance']"
2,11.0,,"['isharingmanager', 'map', 'project', 'workspace', 'project']","['jeanmichel', 'operation', 'support', 'follow', 'scenario', 'create', 'project', 'workbench', 'teamstream', 'project', 'tomcat', 'version', 'create', 'project', 'workbench', 'stream', 'project', 'tomcat', 'version', 'project', 'generally', 'semantics', 'project', 'workbench', 'versus', 'project', 'workbench', 'project', 'regardless', 'workbench', 'project', 'choose', 'similar', 'clearcases', 'notion', 'number', 'project', 'configuration', 'clearcase', 'likewise', 'option', 'update', 'command', 'specific', 'module', 'version', 'directory', 'mention', 'responsible', 'rename', 'project', 'threated', 'differently', 'alternative', 'method', 'available', 'rename', 'project', 'server', 'project', 'workbench', 'project', 'rename', 'affect', 'repository', 'project', 'currently', 'assumption', 'project', 'workspace', 'versioning', 'consideration']"
3,22.0,,"['persist', 'share', 'recommendations', 'project', 'version', 'reference']","['project', 'descriptions', 'recommendations', 'project', 'version', 'reference', 'jeanmichel', 'unqualified', 'project', 'reference']"
4,26.0,,"['create', 'connection', 'selection', 'dialog']","['awkward', 'create', 'repository', 'connection', 'associate', 'project', 'particular', 'firsttime', 'scenario', 'operations', 'present', 'prompter', 'indication']"
5,39.0,,"['preference', 'gcpkvs']","['previously', 'preference', 'default', 'repository', 'example', 'create', 'repository', 'connections', 'default', 'pulldown', 'remember', 'nicety', 'permit', 'longer', 'relevant', 'happen']"
6,43.0,,"['rename', 'project', 'release', 'gdhahf']","['project', 'release', 'teamstream', 'rename', 'project', 'attempt', 'release', 'teamstream', 'compare', 'project', 'rename', 'artifacts', 'rename', 'delete', 'project', 'release', 'project', 'release', 'conflict', 'elements', 'compare', 'rename', 'jeanmichel', 'timepermitting']"
7,55.0,,"['stream', 'wizard', 'provide', 'additional', 'information', 'stream', 'gdqnga']","['wizard', 'descriptive', 'explain', 'stream', 'create', 'important', 'people']"
8,59.0,,"['connection', 'gdqqki']","['create', 'repository', 'connection', 'wizard', 'repository', 'wizard', 'finish', 'discover', 'functionality', 'explorer', 'sibling', 'navigator', 'future']"
9,63.0,,"['location', 'project', 'workspace']","['scenarios', 'project', 'particular', 'plugins', 'typical', 'approach', 'workspace', 'plugins', 'target', 'install', 'develop', 'fragment', 'configuration', 'component', 'different', 'location', 'mandate', 'runtime', 'critical', 'selfhosting', 'location', 'delete', 'creation', 'implementation', 'jeanmichel', 'support', 'exactly', 'project', 'dialog', 'passin', 'qualify', 'location', 'project', 'description', 'create']"
10,64.0,,"['support', 'multiline', 'comment', 'gdrpqx']","['comment', 'verbose', 'actually', 'history', 'follow', 'problems', 'comment', 'comment', 'truncate', 'cariage', 'return', 'format', 'possibly', 'format', 'comment', 'context', 'option', 'browse', 'comment', 'consider', 'comment', 'jeanmichel', 'itpvcmall', 'validation', 'release', 'comment', 'truncate', 'expand', 'column', 'comment', 'kevinm', 'multiline', 'prompt', 'single', 'people', 'multiline', 'jeanmichel', 'project', 'comment', 'multiline', 'basically', 'comment', 'eclipse']"
11,65.0,,"['wizard', 'doesnt']","['repository', 'connections', 'select', 'project', 'managemerge', 'select', 'project', 'repository', 'select', 'project', 'repository', 'notice', 'content', 'change']"
12,69.0,,"['feature', 'request', 'folders', 'project']","['provide', 'option', 'organize', 'project', 'repository', 'hierachical', 'folder', 'structure', 'presently', 'project', 'repository', 'present', 'directory', 'reason', 'project', 'folders', 'create', 'repository', 'useful', 'macroscale', 'consist', 'number', 'relate', 'project', 'different', 'options', 'organize', 'mixedmode', 'development', 'relate', 'current', 'feature', 'create', 'little', 'folder', 'development', 'repository', 'private', 'sandbox', 'project', 'current', 'solution', 'project']"
13,70.0,,"['ensure', 'removal', 'connection']","['remove', 'connection', 'explorer', 'project', 'connection', 'search', 'project', 'accept', 'proceed', 'project', 'connections', 'olivier', 'removal', 'detect', 'project', 'gracefully', 'message', 'proceed']"
14,73.0,,"['dialog', 'workspace', 'annoy', 'gdxaqu']","['multiselect', 'project', 'workspace', 'location', 'project', 'expect', 'dialog', 'beggining', 'project', 'default', 'location', 'version', 'create', 'project', 'default', 'location', 'location', 'project', 'server', 'imagine', 'conection', 'feature', 'plugin', 'persist', 'location', 'information', 'example', 'delete', 'project', 'location', 'default', 'option', 'change', 'remember', 'locations', 'prompt', 'single', 'location', 'project', 'multiple', 'locations', 'project', 'individually', 'itpvcm', 'dialog', 'specify', 'location', 'project', 'truncate', 'olivier', 'spiffy', 'upgrade', 'prompt', 'dialog', 'checbox', 'prompter', 'toggle', 'preferance', 'presentation', 'trouble', 'locate', 'project', 'choice', 'available', 'usually', 'preference', 'default', 'prompt', 'location', 'prompt', 'project', 'especially', 'optional', 'rodrigo', 'prompt', 'prompt', 'important', 'lowpriority']"
15,80.0,,['delete'],"['delete', 'repository', 'connection', 'select', 'remove', 'connection', 'stream', 'select', 'remove', 'stream']"
16,88.0,,"['modify', 'release']","['select', 'releasecatchup', 'modify', 'prompt', 'suggest', 'refresh', 'future', 'equivalent', 'prompt', 'rundebug']"
17,96.0,,"['getadaptor', 'vcmexception', 'gegtwv']","['vcmexception', 'return', 'getrepository', 'legitimately', 'return', 'exception', 'helpful', 'common', 'itpvcmwinnt', 'refresh', 'syncview', 'delete', 'project']"
18,97.0,,"['location', 'project']","['option', 'prompt', 'project', 'location', 'default', 'prompt', 'evident', 'option']"
19,104.0,,"['prompt', 'password', 'create', 'repository', 'location', 'doesnt']","['create', 'repository', 'location', 'wizard', 'finish', 'access', 'stream', 'prompt', 'password', 'password', 'require', 'connection', 'constructor', 'client', 'corecvs', 'authentication', 'perform', 'create', 'connection', 'create', 'connection', 'password', 'location']"
20,111.0,,"['remove', 'project', 'directories', 'cvsadapter', 'gemcnx']","['hackfinder', 'cleanup', 'project', 'directories', 'properly']"
21,115.0,,"['default', 'value', 'field', 'location', 'dialog']","['create', 'repository', 'location', 'wizard', 'create', 'location', 'location', 'different', 'default']"
22,129.0,,"['discard', 'repository', 'share', 'location']","['discard', 'repository', 'location', 'project', 'workbench', 'dialog', 'project', 'location', 'message', 'discard', 'location', 'discard', 'location', 'project', 'workspace', 'location', 'project', 'currently', 'location', 'jeanmichel', 'review', 'jeanmichel', 'approve', 'release', 'behaviour', 'workspace', 'project', 'repository', 'second', 'repository', 'select', 'repositories', 'discard', 'message', 'scratchrepo', 'vcmrepo', 'discard']"
23,130.0,,"['progress', 'operation', 'version', 'workspace', 'gesyup']","['select', 'multiple', 'project', 'navigator', 'version', 'workspace', 'conflict', 'resources', 'increment', 'operation', 'finish', 'preocessed', 'project', 'future', 'increment', 'problem']"
24,131.0,,"['delete', 'resource', 'workspace']","['create', 'resource', 'resource', 'folder', 'release', 'change', 'repository', 'delete', 'resource', 'workspace', 'release', 'change', 'repository', 'folder', 'folder', 'remove', 'expand', 'project', 'versions', 'resource', 'select', 'workspace', 'dialog', 'errors', 'project', 'resource', 'internal', 'consult', 'orgeclipsevcmui', 'errors', 'project', 'children', 'delete', 'launcherzip', 'children', 'delete', 'launcherzip', 'project', 'version', 'history', 'orgeclipsevcmui', 'errors', 'project', 'children', 'resource', 'orgeclipsevcmui', 'internal', 'consult', 'children', 'manually', 'parent', 'folder', 'workspace', 'assume', 'effect', 'parent', 'workspace', 'reproduce', 'problem', 'delete', 'package', 'project', 'repository', 'select', 'delete', 'package', 'workspace']"
25,135.0,,"['version', 'dialog']","['select', 'version', 'project', 'workspace', 'project', 'versioned', 'dialog', 'appear', 'option', 'appear', 'dialog', 'project', 'history', 'receive', 'particularly', 'painful']"
26,144.0,,"['repository', 'location', 'dialog']","['repository', 'location', 'dialog', 'select', 'numlock', 'difference']"
27,145.0,,"['exception', 'add', 'workspace', 'gevtjy']","['connect', 'cvslnxtest', 'expand', 'expand', 'davehelloworld', 'project', 'select', 'readmetxt', 'choose', 'workspace', 'davehelloworld', 'workspace', 'orgeclipsevcmui', 'errors', 'project', 'children', 'orgeclipsevcmui', 'internal', 'consult', 'children', 'orgeclipsevcmui', 'internal', 'consult', 'autocreate', 'problem', 'flavor', 'project', 'doesnt', 'exception', 'unclear', 'problem', 'specific', 'project', 'failure', 'better', 'autoload', 'project', 'nicely', 'unreasonable', 'project', 'project', 'project', 'prompt', 'location', 'contact', 'change', 'helpful', 'message', 'project', 'vcmmeta', 'classpath', 'container', 'children', 'jeanmichel', 'reproduce', 'instead', 'itpvcm', 'synching', 'reinvestigate', 'available', 'disable', 'parent', 'resource', 'presumably', 'element', 'selection', 'jeanmichel', 'resource', 'parent', 'message', 'exception', 'assume']"
28,152.0,,"['resource', 'history', 'ignore']","['workspace', 'overwrite', 'readonly', 'versioned', 'project', 'resource', 'history', 'resouce', 'history', 'workspace', 'dialog', 'overwrite', 'project', 'notice', 'doesnt', 'confirm', 'overwrite', 'change', 'project']"
29,153.0,,"['message', 'versioning']","['create', 'project', 'properties', 'dialog', 'select', 'choose', 'repository', 'version', 'workspace', 'prompt', 'version', 'message', 'dialog', 'versioning', 'problems', 'message', 'identical']"
30,156.0,,"['failure', 'improvement']","['delete', 'resources', 'delete', 'resources', 'successfully', 'resources']"
31,161.0,,"['ignore', 'directory', 'show', 'incoming', 'change']","['repository', 'connection', 'anonymous', 'anoncvsgnomeorg', 'cvsgnome', 'expand', 'gnomepilot', 'workspace', 'rightclick', 'project', 'synchronize', 'directory', 'macros', 'content', 'incoming', 'change', 'workspace', 'macros', 'cvsignore', 'rightclick', 'catchup', 'macros', 'directory', 'happen', 'disappear', 'subsequent', 'catchups', 'macros', 'incoming', 'change', 'jeanmichel', 'bizzare', 'ignore', 'browse', 'macros', 'folder', 'appear', 'tranfer', 'directory', 'incoming', 'deletions']"
32,164.0,,"['message', 'overwrite', 'project', 'different']","['create', 'project', 'project', 'change', 'select', 'project', 'workspace', 'message', 'overwrite', 'project', 'resource', 'finally', 'actually', 'project', 'refresh', 'windows', 'distinguish']"
33,168.0,,"['change', 'share', 'outgo', 'release', 'change']","['chaging', 'project', 'essentialy', 'project', 'unreleased', 'change', 'readme']"
34,177.0,,"['delete', 'directory', 'appear', 'release', 'gfbdxr']","['release', 'project', 'initially', 'provide', 'cvsignore', 'directory', 'create', 'cvsignore', 'content', 'prevent', 'remove', 'cvsignore', 'delete', 'matter', 'delete', 'remove', 'cvsignore', 'change', 'output', 'delete', 'resource', 'versioned', 'project', 'restart', 'eclipse', 'appear', 'comparision', 'project', 'clients', 'delete', 'folders', 'server', 'server', 'administrator', 'delete', 'readme']"
35,179.0,,"['cancel', 'addition', 'workspace']","['message', 'repeatable', 'reproduce', 'workspace', 'vcmrepo', 'cancel', 'operation', 'eventually', 'message', 'communication', 'orgeclipsevcmui', 'errors', 'project', 'children', 'communication', 'children', 'communication', 'itpvcm', 'cancel', 'workspace', 'finish']"
36,182.0,,"['change', 'project']","['dialog', 'select', 'project', 'change', 'implementation', 'projecta', 'projectb', 'duplicate', 'create', 'project', 'workspace', 'stream', 'projecta', 'change', 'projectb', 'dialogs', 'appear', 'catchup', 'actually', 'modify', 'content', 'projectb', 'workspace', 'jeanmichel', 'documentation', 'candidate', 'remove', 'project', 'selection', 'wizard']"
37,184.0,,"['workspace', 'present', 'project', 'stream', 'check', 'gfivzk']","['project', 'workspace', 'stream', 'different', 'effective', 'presence', 'version', 'project', 'stream', 'example', 'create', 'stream', 'workspace', 'project', 'version', 'stream', 'present', 'workspace', 'prompt', 'overwrite', 'project', 'project', 'delete', 'message', 'theres', 'version', 'better', 'detect', 'theres', 'version', 'prompt', 'overwrite']"
38,192.0,,['ignore'],"['repeat', 'create', 'cvsignore', 'content', 'create', 'navigator', 'resaved', 'disappear']"
39,194.0,,"['message', 'versioning', 'ignore', 'project']","['global', 'ignore', 'pattern', 'bazproject', 'create', 'simple', 'project', 'bazproject', 'dialog', 'versioning', 'problems', 'message', 'follow', 'resources', 'versioned', 'doesnt', 'resources', 'versioned']"
40,196.0,,"['catch', 'outgo', 'folder', 'deletion']","['follow', 'structure', 'jfinalsmoke', 'abctxt', 'replace', 'stream', 'project', 'cancel', 'replace', 'middle', 'delete', 'project', 'teamsynchronize', 'stream', 'catchuprelease', 'select', 'catchup', 'dialog', 'problems', 'synchronization', 'message', 'errors', 'problems', 'create', 'parent', 'problems', 'create', 'parent', 'catchup', 'successful', 'dialog', 'pretty', 'happen', 'cancel', 'resuscitate', 'deletions', 'succeed', 'dialog', 'apparent', 'reason']"
41,198.0,,"['message', 'add', 'workspace', 'gfmrrm']","['follow', 'structure', 'locally', 'jproject', 'folder', 'release', 'stream', 'delete', 'folder', 'locally', 'select', 'repositories', 'choose', 'workspace', 'dialog', 'appear', 'errors', 'project', 'message', 'errors', 'project', 'resource', 'jprojectfolder', 'resource', 'jprojectfolder', 'errors', 'project']"
42,199.0,,"['delete', 'package', 'delete', 'previous', 'history', 'gfodbh']","['delete', 'package', 'project', 'decide', 'history', 'particular', 'package', 'history', 'package', 'versions', 'problem', 'apparently', 'eclipse', 'history', 'delete', 'rename', 'package', 'project', 'actual', 'package', 'problem', 'repository', 'homecvsswt', 'cvslnx', 'swtshipping', 'stream', 'project', 'package', 'package', 'definitely', 'jeanmichel', 'release', 'deletions', 'subdirectory', 'parent', 'directory', 'release', 'directory', 'recover', 'eclipse', 'verify', 'expect', 'strange', 'directory', 'directory', 'recover', 'directory', 'delete', 'directly', 'decide', 'delete', 'package']"
43,203.0,,"['ecorner', 'miss', 'nature', 'add', 'project', 'source', 'repository', 'ggmajc']","['successfully', 'connect', 'sourceforge', 'repository', 'connection', 'project', 'workspace', 'natureless', 'assign', 'nature', 'workaround', 'manually', 'create', 'vcmmeta', 'release', 'delete', 'project', 'project', 'release', 'permissions', 'particular', 'repository', 'vcmmeta', 'project', 'workspace', 'prompt', 'project', 'natures', 'assign', 'jeanmichel', 'problem', 'workaround', 'instead', 'manually', 'create', 'vcmmeta', 'create', 'project', 'workspace', 'project', 'retain', 'nature', 'destination', 'project', 'vcmmeta', 'classpath', 'release', 'provide', 'facilities', 'nature', 'ensure', 'project', 'correctly', 'reflect', 'vcmmeta', 'people', 'configure', 'nature', 'specific', 'extension', 'people', 'register', 'choose', 'configure', 'natures', 'project', 'similar', 'wizard', 'happen', 'initiate', 'project', 'creation', 'programatically', 'facility', 'natures', 'choose', 'configure', 'prompt', 'project', 'vcmmeta', 'project', 'overtop']"
44,207.0,,"['repository', 'select', 'repository']","['create', 'repository', 'connection', 'select', 'create', 'repository', 'connection', 'different', 'repository', 'remain', 'select', 'select', 'create', 'connection', 'usually', 'expand', 'tunnel', 'newlycreated', 'repository', 'advancements']"
45,208.0,,"['progress', 'inaccurate', 'load', 'project', 'version']","['project', 'version', 'repository', 'progress', 'monitor', 'jeanmichel', 'progress', 'monitor', 'progress', 'logarithmic', 'resources', 'repository']"
46,209.0,,"['compare', 'version', 'load', 'project', 'version']","['repository', 'create', 'repository', 'connection', 'package', 'select', 'uimainjava', 'choose', 'compare', 'version', 'versions', 'compare', 'course', 'version', 'select', 'project', 'choose', 'compare', 'version', 'select', 'repository', 'choose', 'version', 'uimainjava', 'repository', 'theres', 'associate', 'repository', 'repositories', 'theres', 'repository', 'connection', 'assume', 'version', 'multiple', 'repository', 'connections', 'prompt', 'jeanmichel', 'comment', 'itpvcm', 'conflict', 'stream', 'version', 'workspace', 'maintain', 'project', 'versions', 'workspace', 'current', 'implementation', 'smarter', 'prompt', 'resource', 'manage', 'workaround', 'select', 'uimainjava', 'repositories', 'select', 'history', 'compare', 'versions', 'resources']"
47,221.0,,"['remove', 'undefined']","['prefix', 'reference', 'abstract', 'remove', 'undefined', 'environment', 'variable', 'duplicate', 'priority', 'severity', 'target', 'product', 'hasapar', 'compname', 'wsaweboti', 'answer', 'release', 'symptom', 'envname', 'phasefound', 'phaseinject', 'adddate', 'assigndate', 'lastupdate', 'responsedate', 'enddate', 'ownerlogin', 'decandio', 'originlogin', 'jheidebr', 'ownername', 'george', 'decandio', 'originname', 'heidebrecht', 'jheidebr', 'duplicate', 'defect', 'duplicate', 'feature', 'jheidebr', 'action', 'defect', 'discover', 'simulate', 'project', 'environment', 'accidentally', 'create', 'environment', 'variable', 'problem', 'undefined', 'environment', 'variable', 'remove', 'project', 'scenario', 'development', 'environment', 'eclipse', 'variables', 'external', 'libraries', 'developer', 'create', 'project', 'mistypes', 'variable', 'foodri', 'project', 'second', 'developer', 'project', 'workspace', 'compile', 'errors', 'foodir', 'variable', 'misspell', 'developer', 'problem', 'remove', 'foodri', 'variable', 'replace', 'correct', 'foodir', 'project', 'closedopened', 'delete', 'variable', 'return', 'simple', 'create', 'variable', 'project', 'external', 'resource', 'commit', 'project', 'change', 'eclipse', 'delete', 'workspace', 'restart', 'eclipse', 'connect', 'repository', 'project', 'workspace', 'project', 'properties', 'remove', 'environment', 'variable', 'reopen', 'project', 'variable', 'return', 'contact', 'clarification']"
48,224.0,,"['disappear', 'cancel', 'repositories']","['perspective', 'select', 'repositories', 'repository', 'password', 'cancel', 'repository', 'expand', 'repository', 'expand', 'project', 'versions', 'prompt', 'password', 'cancel', 'observe', 'project', 'versions', 'impression', 'anymore', 'password', 'double', 'project', 'versions', 'expand', 'display', 'desire', 'behavior', 'restore', 'description', 'investigate', 'provide', 'jfaceworkbench']"
49,227.0,,"['scalability', 'issue', 'gigqyz']","['support', 'development', 'examine', 'rethink', 'project', 'modules', 'define', 'project', 'entire', 'project', 'doesnt', 'result', 'recursive', 'project', 'unlikely', 'support', 'requirements', 'checkout', 'subtree', 'project', 'presumably', 'parent', 'directory', 'structure', 'project', 'metafiles', 'define', 'arbitrary', 'directories', 'project', 'resources', 'directory', 'version', 'manage', 'remember', 'project', 'modulesaliases']"
50,246.0,,"['problems', 'merge', 'stream']","['create', 'stream', 'repository', 'change', 'errors', 'resource', 'examples', 'management', 'resource', 'examples', 'management', 'resource', 'examples', 'managementorg', 'resource', 'examples', 'managementorg', 'resource', 'examples', 'resource', 'examples', 'resource', 'examples', 'directories', 'source', 'folder', 'delete']"
51,267.0,,"['project', 'synchnoize', 'project', 'gkmiel']","['suggestion', 'project', 'synchnoize', 'project']"
52,269.0,,"['usability', 'selection', 'release', 'selection', 'parent', 'children']","['stream', 'scenario', 'synchronize', 'change', 'project', 'folder', 'select', 'current', 'scroll', 'select', 'release', 'happen', 'select', 'change', 'release', 'suggestion', 'parent', 'folder', 'children', 'resources', 'select', 'decide', 'release', 'release', 'select', 'children', 'project', 'folder']"
53,1802.0,,"['add', 'script', 'prompt', 'restart']","['action', 'script', 'prompt', 'restart', 'dialog']"
54,1803.0,,"['script', 'example', 'project']","['example', 'openning', 'project', 'project', 'actually', 'remain']"
55,1855.0,,"['readmefile', 'navigator', 'selection', 'default']","['create', 'project', 'select', 'filenewreadme', 'project', 'select', 'navigador', 'select', 'readme', 'dialog', 'project', 'select', 'project', 'exactly', 'dialogs', 'shoulnt']"
56,1943.0,,"['allow', 'create', 'project', 'different', 'case', 'gcssjb']","['create', 'project', 'different', 'create', 'project', 'create', 'project', 'appear', 'distinct', 'project', 'directory']"
57,1993.0,,"['project', 'project', 'confuse']","['project', 'options', 'combine', 'project', 'confuse', 'options', 'rebuild', 'project', 'afects', 'project', 'suggestion', 'select', 'project', 'options', 'rebuild', 'rename', 'project', 'project', 'options', 'rebuild', 'change', 'eclipse', 'rebuild', 'rename', 'confusion', 'project', 'current', 'select', 'project', 'navigator', 'assume', 'rebuild', 'selection', 'confuse', 'workspace', 'unfortunately', 'suggestions', 'project', 'people', 'shortcut', 'manual', 'incremental', 'incremental', 'project', 'project', 'select', 'painful', 'scroll', 'navigator', 'package', 'project', 'rebuild', 'project', 'folder', 'accelerator', 'enable', 'editor', 'change', 'toolbar', 'enabledisable', 'editor', 'people', 'shortcut', 'project', 'current', 'editor', 'belong', 'disagree', 'project', 'remove', 'disable', 'instead', 'usuability', 'experts', 'number', 'complain', 'people']"
58,2014.0,,"['project', 'location', 'behavior', 'strange']","['project', 'wizard', 'change', 'better', 'specify', 'location', 'strange', 'behavior', 'project', 'wizard', 'unselect', 'default', 'location', 'directory', 'location', 'project', 'finish', 'create', 'project', 'content', 'specify', 'project', 'wizard', 'unselect', 'default', 'location', 'location', 'project', 'finish', 'create', 'project', 'content', 'directory', 'probably', 'specify', 'eclipse', 'directory', 'default', 'location', 'unchecked']"
59,2015.0,,"['delete', 'project', 'prompt', 'delete', 'content']","['create', 'project', 'location', 'directory', 'select', 'project', 'navigator', 'delete', 'delete', 'project', 'location', 'directory', 'prompt', 'actual', 'directory', 'delete']"
60,2017.0,,"['drillinto', 'project', 'filter', 'gdihyv']","['connect', 'desktop', 'repository', 'cvslnx', 'orgeclipseui', 'project', 'select', 'project', 'window', 'errors', 'proejcts', 'expect', 'reflect', 'selection', 'perspective']"
61,2028.0,,"['unhelpful', 'message', 'delete', 'project']","['delete', 'project', 'contain', 'create', 'restart', 'workbench', 'delete', 'project', 'delete', 'autobuild', 'complain', 'problems', 'delete', 'resources', 'dialog', 'errors', 'message', 'problems', 'delete', 'resources', 'suspect', 'problem', 'outofsynch', 'message', 'helpful', 'preferably', 'errors', 'deletion']"
62,2029.0,,"['wizards', 'unable', 'create', 'project', 'reference', 'existent', 'project']","['unable', 'create', 'project', 'reference', 'nonexistent', 'project', 'constrain', 'create', 'project', 'workspace', 'create', 'project', 'project', 'reference', 'project', 'observe', 'project', 'reference', 'property', 'create', 'project', 'reference', 'expectation', 'possible', 'remove', 'project', 'reference', 'nonexisting', 'project', 'project', 'reference', 'include', 'visual', 'indication', 'project', 'itpuiall', 'invisible', 'project', 'reference', 'coordinate', 'classpath', 'entries', 'analogous', 'present', 'similar', 'control', 'problem', 'important', 'consider']"
63,2035.0,,"['wizards', 'previous', 'location', 'project', 'content', 'remember']","['create', 'project', 'content', 'default', 'choice', 'remember', 'create', 'project', 'choose', 'default', 'initail', 'prompter', 'create', 'project', 'nondefault', 'benefit', 'greatly']"
64,2056.0,,"['rebuild', 'prompt', 'save']","['rebuild', 'project', 'workbench', 'prompt', 'workbench', 'create', 'project', 'project', 'select', 'newclass', 'public', 'static', 'import', 'javaio', 'rebuild', 'prompt', 'itpuiall', 'severe', 'perform', 'resource', 'operations', 'editor', 'itpjuiwinnt', 'rebuild', 'editor', 'workbench', 'preference', 'notice']"
65,2077.0,,"['project', 'select', 'create', 'project']","['project', 'wizard', 'project', 'project', 'different', 'project', 'selection', 'better']"
66,2114.0,,"['project', 'wizard', 'select', 'project', 'default']","['filenewproject', 'result', 'wizard', 'project', 'select', 'default', 'select', 'project', 'theres', 'select', 'lefthand', 'project', 'create']"
67,2118.0,,"['project', 'dialog', 'confuse']","['create', 'project', 'navigator', 'result', 'dialog', 'doesnt', 'dialog', 'project', 'location', 'append', 'message', 'appear', 'hoverhelp', 'message', 'assume', 'overlap', 'confuse', 'different', 'directories', 'overlap']"
68,2122.0,,"['bookmarks', 'feature', 'request', 'bookmark', 'indicator']","['bookmark', 'indicator', 'indicate', 'bookmarked', 'indicator', 'overtop', 'bookmarked', 'create', 'project', 'project', 'navigator', 'select', 'bookmark', 'happen', 'indicator', 'bookmarked']"
69,2133.0,,"['resource', 'open', 'project', 'create']","['create', 'project', 'resource', 'navigator', 'project', 'create', 'visual', 'existance', 'resource', 'perspective', 'resource', 'navigator', 'create', 'project', 'visual']"
70,2137.0,,"['deletion', 'message']","['delete', 'delete', 'message', 'delete', 'select', 'resources', 'select', 'delete', 'message', 'delete', 'duration', 'operation']"
71,2140.0,,"['bookmarks', 'multiple', 'equivalent', 'bookmarks', 'allow']","['workbench', 'bookmark', 'multiple', 'reason', 'resource', 'perspective', 'create', 'project', 'project', 'rightclick', 'select', 'bookmark', 'rightclick', 'select', 'bookmark', 'bookmarks', 'perspectiveshow', 'viewbookmarks', 'notice', 'multiple', 'entries', 'bookmark', 'bookmark']"
72,2143.0,,"['preference', 'option', 'project', 'default', 'perspective']","['workbench', 'preference', 'option', 'project', 'default', 'perspective', 'select', 'window', 'project', 'window', 'default', 'perspective', 'project']"
73,2151.0,,"['dialogs', 'single', 'resource', 'selection', 'dialog']","['single', 'resource', 'selection', 'dialog', 'werent', 'overlook', 'similar', 'include', 'overkill', 'singleselect']"
74,2154.0,,[],"['readonly', 'prompt', 'confirm', 'readonly', 'create', 'project', 'navigator', 'directory', 'create', 'directory', 'readonly', 'directory', 'prompt', 'workbench', 'verify', 'readonly', 'relate', 'itpuiall', 'readonly', 'property', 'ignore', 'editors', 'itpuiwin', 'internal', 'readonly', 'itpjuiwin', 'package', 'ignore', 'readonly', 'property']"
75,2157.0,,['folder'],"['similar', 'itpjui', 'resources', 'workspace', 'navigator', 'perspectives', 'specific', 'folders', 'original', 'perspective', 'creation', 'perspectives', 'folder', 'project', 'select', 'choose', 'perspective', 'perspective', 'facilitate', 'better', 'random', 'navigation', 'product']"
76,2183.0,,"['default', 'button', 'project', 'wizard']","['ensure', 'project', 'project', 'wizard', 'select', 'project', 'button', 'project', 'finish', 'default', 'button', 'project', 'finish', 'button', 'longer', 'default']"
77,2184.0,,"['delete', 'project', 'delete', 'content', 'geacle']","['delete', 'project', 'retain', 'content', 'project', 'delete', 'effect', 'feature', 'feature', 'suggestion', 'delete', 'project', 'prompt', 'delete', 'content']"
78,2185.0,,"['project', 'wizard']","['combine', 'problem', 'create', 'project', 'require', 'mainly', 'wizard', 'project', 'usually', 'choose', 'project', 'manually', 'option', 'project', 'optionally', 'change', 'location', 'settings', 'output', 'folder', 'combine', 'shouldnt', 'require', 'select', 'project', 'project', 'rarely', 'change', 'advance', 'button', 'combine', 'choice', 'advance', 'button', 'product', 'novices', 'change', 'combine', 'project', 'properties']"
79,2200.0,,"['inconsistent', 'margins', 'property']","['create', 'project', 'choose', 'properties', 'property', 'margins', 'widgets', 'corner', 'margin', 'manage', 'doesnt', 'generally', 'better', 'margin', 'consistent']"
80,2206.0,,"['folder', 'silently', 'create', 'parent']","['project', 'filesystem', 'delete', 'navigator', 'select', 'create', 'folder', 'filesystem', 'recreate', 'behaviour', 'actually', 'preferable', 'dialog', 'parent', 'folder', 'delete', 'recreate', 'chance', 'cancel', 'environment', 'discover', 'bother', 'resources', 'parent', 'navigator', 'filesystem', 'prompt', 'refresh', 'accept', 'recreate', 'parent', 'folder', 'complain', 'folder']"
81,2212.0,,"['resource', 'folder']","['project', 'navigator', 'choose', 'resource', 'project', 'string', 'folders', 'folders', 'handle', 'project', 'folder', 'currently', 'create', 'separate', 'entries', 'resources', 'different', 'project', 'folders', 'workspace', 'remove']"
82,2217.0,,"['navigator', 'project', 'navigator', 'project', 'dialog', 'geaoiu']","['project', 'dialog', 'option', 'project', 'plugin', 'project', 'different', 'navigator', 'folder', 'shouldnt', 'navigator', 'project', 'dialog']"
83,2228.0,,"['navigator', 'indicate', 'element', 'delete']","['project', 'select', 'choose', 'button', 'select', 'delete', 'button', 'delete', 'children', 'indicate', 'element', 'delete', 'option']"
84,2241.0,,"['folders', 'issue']","['severe', 'internal', 'scenario', 'scenario', 'create', 'project', 'folder', 'select', 'choose', 'dialog', 'folder', 'select', 'destination', 'select', 'dialog', 'dialog', 'problems', 'problems', 'select', 'resources', 'destination', 'resources', 'hierarchy', 'destination', 'resources', 'hieararchy', 'ideally', 'wouldnt', 'folder', 'descendants', 'viewers', 'scenario', 'create', 'project', 'create', 'folder', 'select', 'project', 'navigator', 'choose', 'select', 'dialog', 'problems', 'problems', 'select', 'resources', 'resource', 'resource', 'scenario', 'refresh', 'select', 'project', 'navigator', 'choose', 'select', 'prompt', 'resource', 'overwrite', 'dialog', 'problems', 'internal', 'invalid', 'thread', 'access', 'dialog', 'problems', 'problems', 'select', 'resources', 'resource', 'resource', 'problems', 'problems', 'severe', 'problem', 'priority']"
85,2245.0,,"['open', 'close', 'project', 'delete', 'filesystem', 'geawrh']","['project', 'delete', 'filesystem', 'navigator', 'location', 'delete', 'relate']"
86,2254.0,,"['rebuild', 'deselected', 'project', 'builders']","['project', 'choose', 'complain', 'project', 'builders', 'rebuild', 'disable', 'rebuild', 'action', 'select', 'project', 'register', 'builders']"
87,2265.0,,"['project', 'wizard', 'close']","['project', 'wizard', 'project', 'appear', 'select', 'newproject', 'project', 'windows']"
88,2267.0,,"['problems', 'dialog', 'gehgwd']","['follow', 'problems', 'dialog', 'problems', 'problems', 'message', 'errors', 'message', 'informative', 'reason', 'problem', 'follow', 'walkback', 'workspace', 'helpful', 'workbench', 'better', 'handle', 'errors', 'distinguish', 'development', 'runtime', 'increase', 'survivability']"
89,2272.0,,"['disable', 'close', 'gehvnk']","['possible', 'project', 'command', 'disable', 'create', 'project', 'navigator', 'project', 'project', 'project', 'project', 'workbench', 'action', 'disable']"
90,2275.0,,"['project', 'dialog', 'problems', 'geikgh']","['trigger', 'project', 'create', 'project', 'select', 'choose', 'default', 'select', 'dialog', 'project', 'project']"
91,2300.0,,"['export', 'save', 'editor']","['editor', 'export', 'refresh', 'export', 'generic', 'message', 'export', 'refresh', 'project', 'automatically', 'select', 'export', 'refresh', 'single', 'project', 'select', 'expand', 'project', 'refresh', 'execute', 'export', 'drastic', 'wouldnt', 'refresh', 'dialog', 'indicate', 'change', 'autorefresh', 'builders']"
92,2302.0,,"['folder', 'disable', 'project']","['create', 'folder', 'project', 'workspace', 'wizard', 'finish', 'command', 'disable', 'project', 'available', 'project', 'workspace', 'action', 'available', 'affect', 'project', 'action']"
93,2310.0,,"['bookmark', 'select']","['testtxt', 'bookmark', 'bookmarks', 'choose', 'select', 'bookmarks', 'choose', 'select', 'bookmark', 'remember', 'number', 'character', 'select', 'marker', 'annotation', 'update', 'number', 'character', 'record', 'create']"
94,2322.0,,"['preferences', 'fail', 'preference']","['project', 'project', 'properties', 'properly', 'nonjui', 'reopen', 'properties', 'dialog', 'reverse', 'appear', 'reopen', 'select', 'theres', 'dialog', 'unclear', 'problem', 'resilient', 'affect', 'problem', 'itpjui', 'severe', 'properties', 'probem', 'handle', 'better']"
95,2323.0,,"['navigator', 'select', 'project']","['option', 'editselect', 'navigator', 'select', 'project']"
96,2325.0,,"['properties', 'miss', 'project']","['jresdk', 'project', 'properties', 'package', 'project', 'project', 'properties', 'navigator', 'specific', 'resources', 'currently', 'ijavaelements', 'preference', 'generalize', 'support', 'object', 'underlie', 'resources', 'project', 'reference', 'manage', 'contribute', 'ijavaelements', 'notice', 'feature', 'package', 'navigator', 'complain']"
97,2337.0,,"['critical', 'walkback', 'upgrade']","['reason', 'noncritical', 'walkback', 'happen', 'yesterday', 'example', 'launcher', 'example', 'launcher', 'example', 'workspace', 'basically', 'create', 'project', 'workspace', 'import', 'examples', 'source', 'project', 'delete', 'little', 'project', 'target', 'workspaces', 'plugins', 'directory', 'upgrade', 'metadata', 'project', 'workspace', 'eclipse', 'follow', 'walkbacks', 'problems', 'invoke', 'plugin', 'orgeclipseui', 'errors', 'children', 'exception', 'children', 'exception', 'create', 'editor', 'interestingly', 'problems', 'walkback', 'errors', 'problems', 'invoke', 'plugin', 'errors', 'children', 'exception', 'children', 'errors', 'report', 'prettier', 'manner', 'delete', 'project', 'expect', 'handle', 'better']"
98,2338.0,,"['navigator', 'resource', 'dialog', 'folders']","['resources', 'dialog', 'resource', 'resources', 'folders']"
99,2340.0,,"['project', 'context', 'context', 'sensitive']","['rightclick', 'project', 'navigator', 'notice', 'project', 'project', 'appear', 'change', 'depend', 'context', 'project', 'project', 'project', 'project']"
100,2350.0,,"['wizards', 'default', 'location', 'directory']","['create', 'project', 'wizard', 'uncheck', 'default', 'location', 'notice', 'indicate', 'default', 'location', 'specify', 'nondefault', 'location', 'likely', 'default', 'location', 'prefer', 'opportunity', 'directory', 'directory', 'easily', 'select', 'delete', 'applications', 'select', 'replace', 'entire', 'project', 'creation', 'wizard', 'resolve', 'overlap', 'content']"
101,2371.0,,"['properties', 'project', 'contain', 'project']","['create', 'project', 'specific', 'output', 'location', 'package', 'project', 'properties', 'project', 'location', 'project', 'navigator', 'argument', 'resource', 'resource', 'adapter', 'contribute', 'javaelements']"
102,2373.0,,"['intuitive', 'workbench', 'location']","['theres', 'figure', 'workbench', 'locate', 'workaround', 'project', 'location', 'feature']"
103,2374.0,,"['delete', 'resource', 'delete']","['create', 'resource', 'delete', 'select', 'delete', 'message', 'resource', 'outofsync', 'delete', 'resouce', 'happen', 'happen']"
104,2384.0,,['create'],"['create', 'parent']"
105,2386.0,,"['move', 'project', 'content', 'dialog', 'confuse']","['different', 'things', 'confuse', 'create', 'project', 'rightclick', 'context', 'select', 'recommend', 'project', 'deselect', 'default', 'location', 'checkbox', 'message', 'havent', 'change', 'project', 'button', 'active', 'message', 'project', 'rightclick', 'project', 'select', 'project', 'default', 'location', 'button', 'location', 'default', 'location', 'default', 'location', 'message', 'message', 'project', 'content', 'location', 'string']"
106,2398.0,,"['strange', 'behaviour', 'delete', 'project', 'unsaved', 'change', 'geyhsf']","['create', 'generic', 'project', 'myproject', 'navigator', 'create', 'myfile', 'project', 'select', 'myfile', 'delete', 'delete', 'editor', 'expect', 'behaviour', 'assume', 'change', 'delete', 'editor', 'change', 'editor', 'change', 'properly', 'delete', 'follow', 'problem', 'delete', 'project', 'editor', 'myfile', 'prompt', 'change', 'project', 'available', 'cancel', 'change', 'problem', 'editors', 'properly', 'shouldnt', 'change', 'delete']"
107,2399.0,,"['close', 'project', 'prompt', 'change', 'geyiuv']","['create', 'project', 'myproject', 'create', 'myfile', 'project', 'project', 'select', 'project', 'notice', 'editor', 'prompt', 'change', 'project', 'editor', 'follow', 'problem', 'editor', 'myfile', 'prompt', 'change', 'dialog', 'problems', 'complete', 'reason', 'resource', 'target', 'problem', 'editors', 'project']"
108,2400.0,,"['double', 'click', 'close', 'project']","['currently', 'doubleclick', 'listener', 'project', 'expand', 'obviously', 'double', 'project', 'doubleclicking', 'project', 'invoke', 'project', 'action']"
109,2401.0,,"['create', 'project', 'progress', 'monitor', 'geywou']","['workspace', 'create', 'folder', 'default', 'location', 'populate', 'folder', 'resources', 'create', 'project', 'workspace', 'dialog', 'progress', 'monitor', 'depend', 'project', 'location', 'workspace', 'freeze']"
110,2419.0,,"['trail', 'space', 'project', 'wizard']","['simple', 'project', 'wizard', 'project', 'notice', 'message', 'message', 'leadingtrailing', 'create', 'folder']"
111,2436.0,,"['project', 'wizard', 'location', 'specify']","['filenewprojects', 'choose', 'standard', 'project', 'wizard', 'project', 'uncheck', 'default', 'location', 'location', 'notice', 'finish', 'button', 'enable', 'message', 'create', 'declipse']"
112,2449.0,,"['warn', 'delete', 'project', 'directory']","['project', 'directory', 'navigator', 'delete', 'project', 'delete', 'directory', 'directory', 'delete', 'present']"
113,2458.0,,"['inaccurate', 'message', 'wizard']","['select', 'project', 'navigator', 'choose', 'newfile', 'filename', 'single', 'period', 'character', 'message', 'include', 'project', 'resource', 'message', 'mislead', 'filename', 'period']"
114,2464.0,,"['eclipse', 'corner', 'website', 'dialog', 'launch', 'browser']","['choose', 'eclipse', 'project', 'theres', 'eclipse', 'corner', 'website', 'dialog', 'select', 'browser']"
115,2472.0,,"['impossible', 'delete', 'project']","['create', 'project', 'directory', 'content', 'create', 'project', 'location', 'select', 'delete', 'delete', 'content', 'prompt', 'delete', 'matter', 'interestingly', 'choose', 'select', 'deletion', 'delete', 'resource', 'problem', 'project', 'create', 'location', 'readonly', 'directory', 'equivalent', 'resouces', 'create', 'workspace', 'readonly', 'delete', 'project', 'dialog', 'prompt', 'delete', 'actual', 'directories', 'prompt', 'delete', 'readonly', 'resource', 'project', 'workspace', 'confusion', 'message', 'prompt', 'update', 'message', 'prompt', 'change', 'present']"
116,2512.0,,"['editor', 'doesnt', 'choose', 'folder', 'gfdcre']","['testdoc', 'wordpad', 'choose', 'rename', 'prompter', 'choose', 'different', 'folder', 'internal', 'editor', 'choose', 'folder']"
117,2515.0,,"['improve', 'message', 'creation', 'gfdmrh']","['creation', 'message', 'create', 'change', 'create', 'similarly', 'editors', 'change', 'create', 'editor']"
118,2523.0,,"['action', 'enable', 'project', 'close']","['project', 'notice', 'project', 'enable', 'message', 'project', 'perspective']"
119,2528.0,,"['project', 'prompt', 'gfkvrr']","['create', 'project', 'inside', 'project', 'notice', 'change', 'change', 'project', 'course', 'reopen', 'project', 'possible', 'project', 'editor', 'resources', 'project']"
120,2529.0,,"['navigator', 'project', 'available']","['create', 'project', 'select', 'select', 'notice', 'project', 'available', 'project', 'available', 'enable']"
121,2541.0,,"['editor', 'delete']","['create', 'editor', 'navigator', 'delete', 'editor', 'delete', 'filesystem', 'prompt', 'folder', 'filename', 'folder', 'filename', 'previously', 'problems', 'message', 'reason', 'bclassjava']"
122,2547.0,,"['editor', 'refresh', 'gfmqwj']","['create', 'project', 'create', 'editor', 'delete', 'change', 'editor', 'notice', 'container', 'location', 'specify', 'container', 'message', 'resource', 'workspace', 'actual', 'complain']"
